preference	Wikis	Users
gadget-Abarabzar	1	539
gadget-abcsok-news-search	1	55
gadget-Accessibility	4	14898
gadget-AceWikiEditor	1	20
gadget-Achtergrondkleur	1	5563
gadget-aco	1	78
gadget--a-commons-directo	1	2
gadget-a-commons-directo	3	275
gadget-AddContribNumberInNewPage	1	6380
gadget-AddEditLinkToOldVersionLinks	2	140
gadget-AddInformation	3	150
gadget-AddMediaWizard	1	157
gadget-addNewSectionLink	1	71
gadget-addOButtonsToAdv	2	204
gadget-addOButtonsToMain	1	223
gadget-addon-buttonsformove	4	370
gadget-addon-fixes	2	129
gadget-addon-messages	2	125
gadget-addon-wikitext	2	125
gadget-Add-purge	4	5719
gadget--addsection-plus	1	7
gadget-addsection-plus	34	241724
gadget-addThisArticles	1	582
gadget-addThisMain	1	452
gadget-addViafData	2	54
gadget-adminseged	1	4089
gadget-AdvancedContribs	3	18959
gadget-AdvancedResearch	2	20501
gadget-Advanced_search	1	1
gadget-AdvancedSiteNotices	5	213
gadget-Advisor	1	911
gadget-advsearch	2	4779
gadget-Ae-to-Aelig	1	2
gadget-afchelper	2	1612
gadget--afchelper	1	5
gadget-AffMasLiens	1	875
gadget-AJAX-esikatselu	2	5285
gadget-AjaxMassRB	1	1
gadget-AjaxPatrol	2	9
gadget-AjaxPatrolLinks	6	442
gadget-ajaxPrev	1	70
gadget-ajaxPreview	1	488
gadget-ajaxQuickDelete	1	807
gadget-AjaxQuickDelete	1	487
gadget-ajaxRC	1	47
gadget-ajax-sysop	1	121
gadget-Ajax_Sysop	1	38
gadget-AjoutBoutonSource	3	23862
gadget-aka-edit-stats	1	2466
gadget-AldoniSekcion-plus	1	3
gadget-alex_brollo	1	3
gadget-alignEditsectionToRight	1	61
gadget-altindex	2	63
gadget-altsiisi	1	1
gadget-AncreTitres	7	16655
gadget-annotator	1	2
gadget-antivandal	2	12945
gadget-antivandaltool	1	459
gadget-APC	1	151
gadget-ArabicBasedKurdishKeyboard	1	1
gadget-Arborescences	1	5
gadget-ArgipenBila	1	10
gadget-articlefeedback	1	213
gadget-ArticleStatistik	2	523
gadget-ArticleTraffic	4	1089
gadget-ArtigosParaEliminar	1	216
gadget-asbox	2	457
gadget-asmenybe	1	50
gadget-assessortags	1	332
gadget-AtlasOff	2	21780
gadget-auteurForm	1	54
gadget-autocomplete	6	2637
gadget-Autocomplete	6	5525
gadget-autodel	8	3998
gadget-AutoEd	1	379
gadget-autoEdit	1	2
gadget-AutofocusRicerca	2	8
gadget-autoformat	1	151
gadget-AutohidePanel	1	28
gadget--AutoNav	1	1
gadget-AutoOldStyleVi	1	3
gadget-autoriSenzaOpere	1	4
gadget-autoSal0	1	4
gadget-autosight	3	62
gadget-Autosight	1	29
gadget-AutoWatchAdd	4	1608
gadget-AvertissementImage	2	17697
gadget-AVIM	3	37
gadget--AVIM	1	1
gadget--AVIM_portlet	1	1
gadget-AVIM_portlet	3	32
gadget-AYSA	1	27
gadget-background-awesomeness	1	264
gadget-BaglantiKontrolu	1	115
gadget-BandeauxEbauches	1	729
gadget-BandeauxPages	1	22
gadget-BandeauxPortails	4	2032
gadget-barbaforcuta	1	1
gadget-Barre_de_luxe	2	33
gadget-Base	4	14955
gadget-basic-Editbuttons	2	26
gadget-BDK	2	322
gadget-Bearbeiten-Link	2	61
gadget-Berichtbalk	1	521
gadget-betawiki	1	16
gadget-betterbottomtabs	2	3569
gadget-BetterPanel	1	77
gadget-bibsys-bibliography-searc	1	2470
gadget-bibsys-biblio-search	1	48
gadget-bibsys-litterature-search	1	2531
gadget-bibsys-source-search	1	2530
gadget-BiDi_buttons	1	160
gadget-BiDiEditing	18	16072
gadget-Big_dynamap	1	794
gadget-BKL	1	1758
gadget-bkl2-check	1	16
gadget-bkl-check	6	39548
gadget-Bkl-check	1	21
gadget-blackskin	2	30718
gadget-Blackskin	31	338872
gadget--Blackskin	1	2
gadget-blinktalk	6	48403
gadget-bloccaTools	1	5
gadget-Bloccomassivo	1	43
gadget-block	3	8804
gadget-BlockNotificationsButton	1	3
gadget-BlockOptions	1	9
gadget-blocktab	5	35023
gadget-Bloquear	1	1
gadget-bloquear-wpCreateAccount	1	1680
gadget-bluealertdismiss	1	1
gadget-bluealertfade	1	1
gadget--BookGadgets	1	1
gadget-BookGadgetsLinks	1	10
gadget-BookMaker	1	31
gadget-BookSearch	2	2238
gadget-BordiArrotondati	2	11854
gadget-BosOzet	1	77
gadget-BotExt	1	96
gadget-botonera	4	699
gadget-boton-purgar	2	23947
gadget-bottomalert	1	2
gadget-BottomSidebar	1	17
gadget-bottomtabs	7	40119
gadget--bottomtabs	1	2
gadget-bottone-case	1	18
gadget-bottone-eliminaRigheVuote	1	11
gadget-bottoniera	1	20
gadget-BoutonModifier	1	6567
gadget-BoutonPatrouille	1	332
gadget-BoutonPlus	1	120
gadget-BoutonsLiens	1	125
gadget-BoutonSourceEnLigne	1	419
gadget-bracketmatch	1	31
gadget-BrzoBrisanje	2	56
gadget-btm-actions	6	7646
gadget-BugStatusUpdate	5	1196
gadget--BugStatusUpdate	1	3
gadget-BuscaAprimorada	1	23
gadget-BuscAprim	1	39
gadget-BuscLivro	1	17
gadget-cache	1	44
gadget-Calibri	1	3
gadget-cambiosrecientes-tabla	1	16658
gadget-cancImage	1	183
gadget-canctxt	1	183
gadget-CaracteresHTML	5	23204
gadget-CaracteresMagic	5	23191
gadget-CaracteresOff	5	38139
gadget-CaracteresParser	5	22774
gadget-CartonJaune	2	6
gadget-ca-sidebar-monobook	1	3
gadget-Cat-a-lot	15	692
gadget-CatDateIns	1	8
gadget--CatDateIns	1	1
gadget-categoriesOnTop	1	14
gadget-CategoryAboveAll	10	3127
gadget--CategoryAboveAll	1	1
gadget-category-intersection	1	1853
gadget-CategorySeparator	1	194
gadget-categoryTalkLinks	1	11
gadget-catinsert	5	7370
gadget-cats-on-top	1	755
gadget-CatWatch	3	13436
gadget-ChangeCategorie	1	13
gadget-charCount	3	106
gadget-charinsert	4	502
gadget--charinsert	1	514
gadget-Chat	2	13412
gadget-ChChange	1	3
gadget-checkEditCollision	1	24
gadget-checklinks	1	142
gadget-Checklinks	1	29
gadget-checksitelinks	2	69
gadget-Checkty	2	396
gadget-Check-usage	2	41
gadget-checkVoteRights	2	495
gadget-check-ws-data	1	1
gadget-ChooseResolution	2	41
gadget-CIDR	2	7
gadget-cikkertekelo	1	4482
gadget-Cita-requerida-resaltada	1	865
gadget-citations	3	6103
gadget--citations	1	13
gadget-cite	1	118
gadget-CiteTooltip	2	121
gadget-CleanCache	3	537
gadget-CleanDeleteReasons	36	38462
gadget-CleanDeletions	1	75
gadget-ClearDeleteReason	1	9569
gadget-closeAdvancedSiteNotices	1	185
gadget-ClubRugbi	1	2
gadget-ClubRugby	1	5
gadget-codeeditor	1	15
gadget-CodeEditor	7	203
gadget-CoinsArrondis	6	26251
gadget-CollapseAll	1	4
gadget-collapserefs	2	78
gadget-CollapseSidebox	1	200
gadget-Collapsible_ChangesList_options	1	383
gadget-collegamentipersonali	2	13285
gadget-colorcats	1	548
gadget--colorcats	1	1
gadget-colored-discussion	2	8111
gadget-colored-new-in-rc	4	917
gadget-colored-nicknames	6	16359
gadget-coloresdiscu	2	2164
gadget-colores-discu	1	2
gadget-colores-segun-modificacio	1	3047
gadget-CommandLine	1	157
gadget-Commenthighlighter	1	320
gadget-commentr	2	135
gadget-CommentsinLocalTime	1	307
gadget-CommentsInLocalTime	19	95885
gadget--CommentsInLocalTime	1	10
gadget-common	1	157
gadget-CommonsDirect	1	22
gadget-CommonsDirekt	2	131
gadget--CommonsDirekt	2	5
gadget--commons-file	1	7
gadget-commons-file	1	10
gadget-Commons-fix	1	12
gadget-commonsimagelinks	2	123
gadget-Commons_Image_page_transl	2	182
gadget-Commons_Image_page_translation	2	18
gadget-CommonsSSL	4	620
gadget-Compactar_refs	1	169
gadget-compactLayout	1	1
gadget-CompareLink	1	47
gadget-CompletaTemplate	1	102
gadget-ConfirmRollback	1	13
gadget-contest-analysis	1	5
gadget-ContrastReducer	1	28
gadget-ContribColors	1	342
gadget-ContribLinkNearTalkPageLi	1	6441
gadget-contrib-numeradas	3	17392
gadget-contrib-numerades	1	12
gadget-contribsrange	54	438978
gadget--contribsrange	1	3
gadget-Contribsrange	1	206
gadget-contributions-report	2	718
gadget-Contributions-report	1	343
gadget-contributions-summary	1	67
gadget-Contributors	5	4570
gadget-CopyCat	1	124
gadget-copySectionLink	1	104
gadget-copyvio-check	1	2970
gadget-corchete-refs	2	11775
gadget-corrections	1	12
gadget-CorrectorOCR	1	6
gadget-CorrectorOrtografico	4	5044
gadget-Correlatos	1	1
gadget--Correlatos	2	2
gadget-CouleurContributions	1	10
gadget-CouleursLiens	1	96
gadget-Creator	1	7
gadget-CSS-tab	4	1068
gadget-CtoF	3	1559
gadget-CurIDLink	2	96
gadget-customCommonsLink	1	40
gadget-CustomSideBarLinks	3	3590
gadget-Cyrillic-ae-to-Latin-ae	1	2
gadget-CzyWiesz	1	141
gadget-DebugMode	1	130
gadget--DebugMode	1	2
gadget-defaultsummaries	8	6138
gadget--defaultsummaries	1	13
gadget--DejaVu_Sans	1	6
gadget-DejaVu_Sans	17	253206
gadget-delete	6	15598
gadget-DeleteBot	1	28
gadget-DeletedContribsTab	1	124
gadget-DeleteRequest	1	1118
gadget-DelReqHandler	3	233
gadget-DeluxeAdmin	1	7
gadget-DeluxeBar	4	23023
gadget-DeluxeEdit	1	201
gadget-deluxehistory	3	5219
gadget-deluxe-history	4	31362
gadget-DeluxeHistory	8	23917
gadget-DeluxeImport	1	199
gadget-DeluxeRename	1	192
gadget-DeluxeSearch	1	174
gadget-DeluxeSummary	1	10
gadget-Deneyim	2	571
gadget-Desambiguacoes	1	607
gadget-destacar	1	229
gadget-DetectaDesambiguaciones	2	2706
gadget-DetectaDesambiguacions	1	95
gadget-DetectorHomonimos	1	86
gadget-Deutsch-lang	3	5730
gadget-DevTools	1	4
gadget-Deyatificator	1	63
gadget-diacritice-corecte	1	1835
gadget-diacritice-nemodificate	2	39
gadget-diacritice-vechi	2	122
gadget-Dicas	1	5
gadget-dicelinks	1	10
gadget-dictDblClick	1	8
gadget-dictHover	3	215
gadget-dictionaryLookupHover	16	4920
gadget--dictionaryLookupHover	1	1
gadget-DictionaryLookupHover	1	16
gadget-Dictionnaire	1	36
gadget-dictLookup	3	169
gadget-DiffBytes	2	2782
gadget-diff-enlaces	1	2082
gadget-diffhistory	1	5798
gadget-Diffkleuren	1	5669
gadget-DiffOldStyle	1	15
gadget-diff_red_dotted_border	1	31
gadget-diff_red_underline	1	72
gadget-Diffs	1	3596
gadget-diffswitchdir	5	350
gadget-diff_yellow-green_underli	1	61
gadget-direct-link	1	2
gadget-directlink-to-commons	1	19
gadget-directLinkToCommons	3	42
gadget--Direct-link-to-Commons	1	1
gadget-Direct-link-to-Commons	8	369
gadget-DirectPageLink	1	31
gadget-Disable_access_keys	2	210
gadget-disableAnimationCollapse	1	153
gadget-disable-animations	6	87
gadget-disableFeedback	1	132
gadget-DisableImageAnnotator	5	127
gadget-disablemicroblog	1	15
gadget-disableTicker	3	46
gadget-disableUpdatedMarker	1	207
gadget-disableWikiMenu	2	15
gadget-disableWiktLookup	2	22
gadget-disambigedlinks	1	35
gadget-DisambigHili	2	269
gadget-DisBaglantilar	1	79
gadget-disFixer	1	575
gadget-Dismiss_button_to_watchli	1	1
gadget-displayConversionTab	1	340
gadget-document	1	5
gadget-dodatnialati	3	1069
gadget-donaciones	1	3376
gadget-Doppel-s-Schreibung	4	46973
gadget-DotsSyntaxHighlighter	6	1197
gadget--DotsSyntaxHighlighter	1	5
gadget-doublewiki	1	7
gadget-DPfont	1	3
gadget--DRN-wizard	1	513
gadget-DRN-wizard	2	756
gadget--dropdown-menus	1	6
gadget-dropdown-menus	18	85003
gadget-Drop-down_menus	5	4747
gadget-druid-help	1	2402
gadget-druid-help-active	1	2390
gadget-druid-help-always	1	2389
gadget-Dwim	2	91
gadget-dyktool	1	165
gadget-dynamic-ips	6	16189
gadget-dynamicmenus	1	2
gadget-dynamic-menus	2	4930
gadget-dynamic-menus-test	1	2878
gadget-DynamicRC	1	403
gadget-dynamic-sidebar	1	2
gadget-dynamic-sidebar-2	1	28
gadget-easyPeerReview	5	145
gadget-EasyPurge	1	13519
gadget-EbauchesOff	2	20362
gadget-edit0	6	45264
gadget-edit_base	1	2
gadget-edit_base_css	1	1
gadget-edit-buttons	1	34
gadget-editcounterlinks	1	35
gadget-edit-first-section	2	32
gadget-editFormAutore	1	5
gadget-EditGuard	1	855
gadget-edithysteria	6	9640
gadget-editHysteria	4	145
gadget-EditIndex	1	1
gadget-edit-ingres	1	3892
gadget-editIntro	3	3790
gadget-editleft	2	58
gadget-editlink-style	1	75
gadget-editop	1	4
gadget-EditReplace	2	2911
gadget-editsection	1	88
gadget-editsection0	3	8669
gadget-editsection-align-end	1	45
gadget-Editsection_inline	1	663
gadget-editsection-left	3	309
gadget-editSectionLink	1	529
gadget-editsection-right	3	939
gadget-edit-sitat-knapp	1	23
gadget-editssincelast	2	8704
gadget-edit-summaries	2	12
gadget-editsummary	4	2628
gadget-edit_summary	1	9
gadget-Editsummary	1	4
gadget-EditSummary	1	64
gadget-edit-summary-warning	1	52
gadget-EditTextboxWrapping	1	370
gadget-Edittoolbar	1	20
gadget-EditToolbar-cite	1	40
gadget-EditToolbarThunks	2	660
gadget-EditToolbar-vfd	1	46
gadget-edittools	1	21
gadget-Edittools	2	2
gadget--Edittools	3	3
gadget-EditTools	1	24
gadget-Edittools-admin	5	47958
gadget-Edittools-cite	5	49065
gadget-EdittoolsCollapser	1	17
gadget-Edittools-default	5	48889
gadget-Edittools-delh	1	84
gadget-edittools-enhanced	1	35
gadget-edittools-magnitudo	1	10
gadget-Edittools-plus	5	51142
gadget-Edittools-refToolbar	1	777
gadget-edittools-stickycharsubse	1	597
gadget-Edittools-user	5	48426
gadget-Edittools-vector	3	758
gadget-Edittools-VFD	5	48169
gadget-Edittools-vote	1	514
gadget-Edittools-vplus	1	566
gadget-Edittools-ZHC	5	48786
gadget-edittop	71	446354
gadget--edittop	4	26
gadget-Edittop	2	225
gadget-EditTop	4	607
gadget-editzero	5	4015
gadget-EditZeroth	6	28675
gadget-EDTitle	2	13305
gadget-egyert-szinezo	1	20
gadget-Einleitung-bearbeiten	3	50011
gadget-ekarpen-zenbakituak	1	5
gadget-Ekfonksiyonlar	3	8190
gadget-EksteraLigilo	1	1
gadget-Ekstra_redigeringsknoppie	1	87
gadget-Ekstra_redigeringsknoppies	1	7
gadget-ela_geminada	1	2
gadget-ElementosOcultaveis	1	32
gadget-E-LiveRC	1	4901
gadget-email-otrs	1	2118
gadget-email-rtl	2	191
gadget-Emoticons	1	205
gadget-EmoticonsToolbar	1	206
gadget-emphasize-talk	1	983
gadget-enableWiktLookup	1	2
gadget-Engelleme	1	7582
gadget-EnglishBasedKurdishKeyboard	1	2
gadget-English-lang	3	5811
gadget-EnhancedInterwikis	1	789
gadget-enhanced-search	2	48
gadget-EnhancedSearch	1	23
gadget-EnhancedTalk	3	3791
gadget--EnhancedTalk	1	1
gadget-EnhancedTalkBlue	1	546
gadget-EnhancedTalkSand	1	542
gadget-EnhancedTalkSun	1	538
gadget-EnhancedUndelete	19	60925
gadget-enhanced-upload	1	40
gadget-Eni_kategoriya_ekli	1	5
gadget-Eni_yazi_listasi	1	4
gadget-enlaceswiki	1	470
gadget-enumItems	1	3
gadget-enumList	1	26
gadget-enwiki	1	7
gadget-enwn-shortener	1	6
gadget-EoMagicalConversion	3	258
gadget-Erreurs-communes	1	87
gadget-erstelleSammlung	1	252
gadget-ertekelesmutat	1	4406
gadget-Erweiterte-Navigationsleiste-Quicklinks	1	157
gadget-esbozos-wikificar	1	9206
gadget-EsconderCentralnoticeDoMe	2	15326
gadget-EsconderCentralnoticeDoMeta	1	179
gadget-EsconoDaQui	2	8
gadget-EskiFark	1	80
gadget-Espanol-lang	2	5268
gadget-EtapasDeDesenvolvimento	1	14
gadget-Evaluation	2	19264
gadget-evidenziaRighe	1	7
gadget-EvilUnicodeConverter	2	183
gadget-exlinks	56	428827
gadget--exlinks	2	15
gadget-exp	1	26
gadget-ExpandAllOnPrint	1	1
gadget--ExpandAllOnPrint	1	1
gadget-ExpandedSubcategoryDetail	2	760
gadget-ExpandedSubcategoryDetails	1	3
gadget-expandReferences	1	25182
gadget-ExpSubcatDetails	1	65
gadget-ExtendedCache	2	408
gadget-extended-index-form	1	1
gadget-ExternalLinkIcon	3	117
gadget-ExternalLinkNewWin	1	261
gadget-externallinks	1	3
gadget-External_links	2	217
gadget-externalsearch	1	8
gadget-External_search	2	222
gadget-ExternalSearch	12	9065
gadget--ExternalSearch	1	8
gadget-Externaltools	1	108
gadget-Externe_links	1	12857
gadget-extlinks	3	3842
gadget--extlinks	1	7
gadget-extLinks	1	174
gadget-ExtLinks	5	4415
gadget-Extra_bewerkingsknoppen	1	12113
gadget-Extrabo	1	3
gadget-ExtractTextLayer	1	20
gadget-extra-editbuttons	1	745
gadget-Extra-Editbuttons	17	91288
gadget-Extra-Edittools	2	754
gadget-Extra-tabs	1	1024
gadget--Extra_toolbar	1	1
gadget-Extra_toolbar	1	1
gadget-extratoolbarbuttons	2	93
gadget-Extra_toolbar_buttons	2	229
gadget-ExtraTools	1	3
gadget-extUserInfoTabs	1	101
gadget-ExtWindow	5	1739
gadget-fastbuttons	1	875
gadget-FastButtons	5	33300
gadget--FastButtons	1	1
gadget-FastRevert	3	35
gadget-featured-articles-links	2	19
gadget-featured-language-links	1	13
gadget-featuredLinks	1	23
gadget-FeedBackHack	1	13
gadget-FeedbackHighlight	1	36
gadget--FeedbackHighlight	1	1
gadget-FejlettDiff	3	221
gadget-fichascompactas	1	323
gadget-FileSiblings	1	239
gadget-Fill_Index	2	79
gadget-filterevidencija	1	934
gadget-filterPageHistory	1	87
gadget-FiltroListas	1	9
gadget-FindRedirectsForAliases	1	2
gadget-findrepl	1	39
gadget-fist	3	7396
gadget-FixArrayAltLines	1	5
gadget-fix_dia	2	5410
gadget-FixedMenu	1	70
gadget-FixedSidebar	1	49
gadget-fixhoofdbetekenis	1	21
gadget-fixIndexes	1	1
gadget-fixRefs	1	241
gadget-fixsidebar	2	227
gadget-fixtopbar	2	232
gadget-fjern-sokeboksen	1	4164
gadget-FlaggedRevs	4	34453
gadget--FlaggedRevs	1	1
gadget-FlecheHaut	11	60050
gadget-Flickrfixr	2	40
gadget-font-14px	1	57
gadget-font-15px	1	39
gadget-fontsize	1	266
gadget-Football	1	90
gadget-ForceMonobookToolbar	1	46
gadget-forcepreview	1	964
gadget-ForcePreview	3	54
gadget--ForcePreview	1	1
gadget-force-user-collation	1	387
gadget-force-user-language	1	4678
gadget-ForigiFulmoklavojn	1	2
gadget-Francais-lang	2	5272
gadget-Fransk-spraak	1	515
gadget-friendly	2	1432
gadget-Friendly	17	262518
gadget-frissites	1	673
gadget-fullwidth-search-fix	1	286
gadget-Futbol	1	2
gadget-fuzzy-search	1	2682
gadget-fv-szinezo	2	4471
gadget-Gadget-bkl-check	1	2
gadget-Gadget-exlinks	1	1
gadget-Gadget-HotCat	1	1
gadget-Gadget-HurtigSlett	1	12
gadget-gadgets-InlineInterwikisI	1	3
gadget-Gadgets-InlineInterwikisI	1	125
gadget-gadgets-Personendaten	1	3
gadget-Gadgets-Personendaten	1	125
gadget-Gadget-wikEd	1	46
gadget-Gadget-XHTML-tab	1	10
gadget-gallery	2	7801
gadget-GalleryDetails	2	41
gadget-Gallerypreview	3	152
gadget-Gammelnorske-lang	3	3890
gadget-Geavanceerde_bijdragen	1	9881
gadget-geo	1	1056
gadget-GeoHack	1	33
gadget-geonotice	2	33
gadget-Geonotice	1	69
gadget-geo-portal	1	10
gadget-Geo-targeted_watchlist_no	2	156
gadget-Geo-targeted_watchlist_notice	1	17
gadget-Gerekceyardimcisi	1	16
gadget-German-lang	1	519
gadget-GetCollection	1	1556
gadget-getmoredata	1	2322
gadget-getrefs	1	9
gadget-Gezinti_pencereleri	1	6
gadget-GirisDegistirme	1	98
gadget-GolabPocztowy	1	109
gadget-GoogleImages	3	46
gadget-GoogleTrans	27	25245
gadget--GoogleTrans	1	13
gadget-googletranslator	1	526
gadget-GoogleTranslator	1	12
gadget-gotmessages	1	15
gadget-graabot	2	201
gadget-GreenRedirect	5	726
gadget-gribeco-top-contrib	2	4360
gadget-gtrazi	2	1101
gadget-guess-textbox-height	1	2325
gadget-hackpad	2	20
gadget-HackPad	2	17
gadget-Haklar	3	527
gadget-HanTS-conv	1	107
gadget-hantsect	5	47638
gadget-heading-icons	1	25
gadget-Headline3	1	28
gadget-herramienta-ver-subpagina	1	16239
gadget-HiddenCat	1	64
gadget-hidden-cats	4	2809
gadget-HideCentralNotice	1	5965
gadget-hideConversionTab	1	385
gadget-HideFlaggedRevs	2	1003
gadget-HideFundraiser	3	419
gadget-HideFundraisingNotice	30	64278
gadget--HideFundraisingNotice	3	18
gadget-HideInvitationLE	1	396
gadget-HideInvitationWMCZ-Libri	1	26
gadget-HideInvitationWMCZ-Podzim	1	5
gadget-HideInvitationWMCZ-SvetKn	1	653
gadget-HideRefLinks	1	67
gadget-hide-rollback	3	46
gadget-hide-search	1	14
gadget-hideside	1	3
gadget-hideSidebar	7	50436
gadget-HideSidebar	1	4032
gadget-Hide_sitenotice	1	36
gadget-HideUsersButton	1	40
gadget-hideUsersButton2	1	19
gadget-hidevotings	1	9
gadget-HideYourEditWasSaved	1	51
gadget-HighlightAdmins	3	363
gadget--HighlightAdmins	1	1
gadget-highlightemptysummary	1	35
gadget-highlightredirects	1	23
gadget-HighlightRedirects	7	7273
gadget-histcomb	4	910
gadget-historialmejorado	1	16460
gadget-historicomelhorado	1	14118
gadget-historiconumerado	1	400
gadget-HistoryCount	2	921
gadget-historydiff	1	56
gadget-HistoryNumDiff	8	9042
gadget-history-summary	1	66
gadget-HistRes	1	73
gadget-HizliBilgi	1	122
gadget-hOCR	1	2
gadget-HomonymiesEnCouleur	1	612
gadget-hoofdbetekenis-titelwijziging	1	3
gadget-hotcat	14	15709
gadget-Hotcat	3	293
gadget-HotCat	203	457067
gadget--HotCat	8	520
gadget-HotCatMulti	2	9
gadget-HotCats	19	55505
gadget--HotCats	1	1
gadget-HotCatsMulti	2	976
gadget-HotCat-test	1	4
gadget-HotEdit	1	2
gadget-HotInterwiki	15	1482
gadget-Hovedside-f8	1	4229
gadget-HurtigSlett	1	2286
gadget-IconeLinkEsterni	2	10
gadget-iconosexternos	1	17818
gadget-icons	1	19
gadget-ILITOdia	1	1
gadget-ilmoitaVirheesta	1	2
gadget-ImageAnnotator	12	10757
gadget--ImageAnnotator	1	8
gadget-ImageBoxes	2	41
gadget-ImageDialog	1	21
gadget-imagelinks	3	697
gadget--imagelinks	1	4
gadget-ImageMap	2	7
gadget-ImageMapEdit	1	49
gadget-imagenesinfobox	1	4703
gadget-imagesiblings	1	446
gadget-image-target	1	3161
gadget--ImprovedEditToolbar	1	1
gadget-indentaVersi	1	16
gadget-IndentazioneColorata	2	10
gadget-indexGen	1	34
gadget-InfoAdicional	1	11
gadget-inlineInterwikisInGruen	1	1
gadget-InlineInterwikisInGruen	1	366
gadget-insert-category	1	16
gadget-insert-image	1	13
gadget-InsertPersonTemplate	1	2
gadget-insert-section	1	24
gadget-internalLinkHelper	1	310
gadget-internalLinkHelper-altcolor	1	53
gadget-internalLinkHelper-cravix	1	80
gadget-internalLinkHelper-external	1	125
gadget-internalLinkHelper-redonly	1	85
gadget-internalLinkHelper-redplain	1	107
gadget-internalLinkHelper-redtipsy	1	123
gadget-internalLinkHelper-suffix	1	103
gadget-international-language-links	1	16
gadget-InternetExplorer	2	2
gadget--InternetExplorer	1	1
gadget-InterprojectLinks	1	19
gadget-interProjets	1	177
gadget-IntersectionCategorie	3	48
gadget-Interviki	3	383
gadget-interwiki	2	268
gadget-interwikiFordito	3	242
gadget-interwikihighlighting	1	93
gadget-InterwikiOrder	5	2927
gadget-InterwikisInGruen	1	13
gadget-Interwikisortering	2	2008
gadget-InterwikiTranslate	3	538
gadget-intropreload	1	64
gadget-invertiColonne	1	2
gadget-Invert_selection	2	171
gadget-InvertSelection	1	5242
gadget-IProject	2	7
gadget-IP-whois	4	8736
gadget-IRC	1	12
gadget-iRef	3	1134
gadget-Italiano-lang	2	5269
gadget-iwbe	1	764
gadget-iw-da-lang	1	4743
gadget-iwde	2	1339
gadget-iw-de-lang	1	4737
gadget-iw-el-lang	1	1830
gadget-iwen	3	4611
gadget-iw-en-lang	1	4815
gadget-iwes	2	674
gadget-iw-es-lang	1	4716
gadget-iw-fi-lang	1	4706
gadget-iw-fixer	1	1
gadget-iw-fo-lang	1	4707
gadget-iwfr	2	1004
gadget-iw-fr-lang	1	4716
gadget-iwhe	1	407
gadget-iwhints	2	5471
gadget-Iwiki	1	1926
gadget-iw-is-lang	1	4714
gadget-iwit	2	603
gadget-iw-it-lang	1	4712
gadget-iwja	1	568
gadget-iwlinks	1	16
gadget-iw-links	6	274
gadget-iwlinks-babel	1	4335
gadget-iwlocalnames	2	2705
gadget-iwnl	1	59
gadget-iw-nl-lang	1	4711
gadget-iw-nn-lang	1	4796
gadget-iwpl	1	518
gadget-iw-pl-lang	1	4707
gadget-iwpt	1	411
gadget-iw-ru-lang	1	4714
gadget-iwrussia	1	3808
gadget-iw-se-lang	1	4717
gadget-iw-simple-lang	1	3785
gadget-iw-sv-lang	1	4744
gadget-Iwt	2	17
gadget-iwuk	1	1825
gadget-iw-ur-lang	1	4706
gadget-iw-vi-lang	1	4705
gadget-izvori	1	9
gadget-jastyle	1	3915
gadget-JavascriptHeadings	1	5
gadget-jegyzet	2	4918
gadget-jogiVacakKi	3	216
gadget-JournalDebug	1	144
gadget-jqinlog	2	7
gadget-jquery	2	216
gadget-jQuery	2	15066
gadget-JSL	37	373307
gadget--JSL	2	11
gadget-JS_toolset	1	29
gadget-Kahvihuonekommentit	1	62
gadget-Katalitik	1	51
gadget-kate-edit-counter	3	5178
gadget-katrss	2	4524
gadget-Kaynakyardimcisi	1	19
gadget-Keine_externen_Links	2	61
gadget-keresesUjFulon	3	265
gadget-khivatkozas	3	7439
gadget-Kisayol	1	9
gadget-Koordinatar	1	15
gadget-Koordinatparser	1	5309
gadget-koordinatside	1	2550
gadget-Kriipsud	1	66
gadget-krinkle-patrol	1	37
gadget-ksamsok	2	112
gadget-kvasir-news-search	1	60
gadget-labelfilter	1	6
gadget-labelLister	1	2
gadget-Lamp_connected	1	6
gadget-langlinks-no-analyze	1	5
gadget-langlinks-no-reorder	1	3
gadget-langlinks-no-sort	1	4
gadget-langlinks-user-collation	1	13
gadget-langlinks-user-names	1	33
gadget-LanguageConverter	2	645
gadget-largefont	1	1
gadget-large-font	1	99
gadget-Lastchanges	2	772
gadget-lastchenges	1	175
gadget-LastContrib	9	58673
gadget-lastdiff	9	50684
gadget-lastedit	2	13483
gadget-lastEditUser	1	102
gadget-latszer	4	7444
gadget-lefteditlinks	15	5304
gadget-LeftLeaningItalics	1	180
gadget-LeftText	1	17
gadget-less_edit_clutter	1	86
gadget-lifilter	1	157
gadget-lightScan	2	5
gadget-Lihavoi-kuvattomat-artikkelit	1	14
gadget-Link_carrega_directe	1	1490
gadget-Linkclassifier	1	25
gadget-LinkComplete	2	13456
gadget-Link_do_Wikipedii	1	34
gadget-Link_Edit	1	31
gadget-LinkModifica	1	8
gadget-LinkPatroller	2	642
gadget-LinksInfo	2	295
gadget-LinkTranslator	2	734
gadget-link_user_rights	1	19
gadget-LinkUserRights	1	23
gadget-ListaDaCategoria	1	82
gadget-ListeABordure	1	9
gadget-ListeEditions	1	35
gadget-listingForm	1	3
gadget-listNumbers	2	69
gadget-LiveClock	4	620
gadget-liverc	2	14809
gadget-LiveRC	8	14487
gadget-Livros	1	4
gadget-LivrosPers	1	13
gadget-Localized_toolbar_buttons	1	166
gadget-LocalLiveClock	7	525
gadget-localstorage	1	20
gadget-lockUpperBars	1	82
gadget-LocSubs	1	81
gadget-Logo	2	201
gadget-logout-helper	1	1742
gadget-LongEditSummaries	23	92135
gadget-lqtAlt	1	1
gadget-lum	1	1406
gadget-lupin-popup	1	53
gadget-luxo-edit-counter	3	5120
gadget-magister	1	473
gadget-magnus-commons-helper	2	4475
gadget-MagnusEditBox	1	6683
gadget-Main-lang	4	4038
gadget-MainLangFirst	1	2
gadget-main-page	1	2
gadget-Mainpage	1	440
gadget-mainpage-customization	1	518
gadget-mainpage-localtime	1	399
gadget-mainpage-style-2003	1	65
gadget-mainpage-style-2004	1	52
gadget-mainpage-style-2005	1	54
gadget-mainpage-style-2006	1	306
gadget-mainpage-style-2010	1	26
gadget-mainpage-style-deep	1	723
gadget-mainpage-style-gray	1	392
gadget-mainpage-style-mystyle	1	127
gadget-mainpage-style-orange	1	654
gadget-MalnovaDiferenco	1	3
gadget-MalplenaForigokialo	3	7
gadget-MappeInterattive	1	2
gadget-maps	1	66
gadget-map-toggler	1	9
gadget-Marbutyanahi	1	1
gadget-markadmins	13	60542
gadget-markAdmins	2	1965
gadget-Markadmins	1	334
gadget-markblocked	15	51546
gadget--markblocked	1	1
gadget-mark-disambigs	3	7878
gadget-MarkGender	1	1
gadget-MarkiAlidirektilojn	1	5
gadget-markpatrolled-autoreturn	1	2372
gadget-mark-proofread	2	54
gadget-mark-redirs	2	8289
gadget-MasquerCrochets	1	5
gadget-MasquerNotes	1	7
gadget-massblock	3	2086
gadget-mass_rollback	1	10
gadget-matchsplit	2	21
gadget-matchToResolution	1	3
gadget-Mayurautodel	1	19
gadget-Mayurdropdown-menus	1	24
gadget-Mayuredittoolsys	1	57
gadget-MayuredittoolVector	1	40
gadget-MayurNavigation_popups	1	35
gadget-Mayurrevisionjumper	1	22
gadget-mensajesnuevosazul	1	372
gadget-mensajesnuevosnaranja	1	3
gadget-mensajes-predefinidos	3	25449
gadget-menu-index	1	2896
gadget-MenuKedaiKopi	1	59
gadget-MenuTabsToggle	5	1638
gadget--MenuTabsToggle	1	4
gadget-MenuToTabs	2	502
gadget-MenuToTabsTEST	1	3
gadget-MergeRefBracket	1	168
gadget-Merkittavyyskommentit	1	41
gadget-MerkitytVersiot	1	74
gadget-MerkitytVersiot2	1	14
gadget-MerkitytVersiot3	1	6
gadget-messages-dropdown	1	451
gadget-Metacaixa	1	40
gadget-metadata	18	261043
gadget--metadata	1	15
gadget-metavalilehti	1	6126
gadget-microblog	2	873
gadget-MicroButtons	1	612
gadget-microformat	1	9
gadget-microsoft-ilit	1	1
gadget-Microsoft_Transliteration	1	1
gadget-Microsoft_Transliteration_Tool	1	7
gadget-mijnKladblok	1	63
gadget-MindMap	3	4637
gadget-minimalRC	2	5322
gadget-MiseEnPage	1	67
gadget-mobi	1	14
gadget-MobileView	2	6
gadget-mod	1	39
gadget-Modernisation	1	1
gadget--Modernizacao	1	1
gadget-modernskin-thunks	29	345894
gadget-modify-section-style	2	35
gadget-modrollback	24	200347
gadget--modrollback	1	7
gadget-monBrouillon	1	340
gadget-Monobook	1	1
gadget--Monobook-Suite	1	1
gadget-Monobook-Suite	2	26722
gadget-Monobook-Suite-MB	1	47
gadget-MonobookToolbarChangeCase	1	60
gadget-MonobookToolbarDiacritiques	1	47
gadget-MonobookToolbarPatrouille	1	76
gadget-MonobookToolbarSearchReplace	1	70
gadget-MonobookToolbarSmiliesAlien	1	36
gadget-MonobookToolbarSources	1	124
gadget-MonobookToolbarStandard	1	53
gadget-MostraModifiche	2	13476
gadget-move-edit-links	1	14
gadget-moveEditsection	4	12497
gadget-MoveEditSection	1	102
gadget-MoveEditsectionAntiJump	1	4452
gadget-moveEditsectionBack	1	43
gadget-MoveEditsectionDisable	1	4443
gadget-move-maintenance-messages	1	12
gadget-moveRV	3	382
gadget-MoveToCommons	1	99
gadget-move-to-sandbox	1	151
gadget-moveVectorMenuToTabs	1	75
gadget-MultiDiffConsecutive	1	6
gadget-muokkaa-linkki	1	6659
gadget-Muokkaa-linkki	1	1
gadget-muokkauspainikkeet	1	3572
gadget-MuttasilAmLa	1	694
gadget-mwembed	1	6
gadget-mwEmbed	25	7284
gadget-mychat	1	71
gadget-mycommon	2	394
gadget-myGadgets	1	109
gadget-MyLangNotify	2	41
gadget-mylanguages	1	52
gadget-my-sandbox	2	36
gadget-mySandbox	24	2594
gadget--mySandbox	1	511
gadget-nakenhet	1	3016
gadget-NamespaceColorati	1	7
gadget-nav-aut	2	13169
gadget-nav-blocklist	2	13081
gadget-nav-bot	2	13013
gadget-nav-canc	2	13268
gadget-nav-cancimm	2	13219
gadget-nav-css	2	13097
gadget-Navegacao_automatica	1	4
gadget-NavigAdmin	3	22617
gadget-Navigatie_popups	1	12250
gadget--navigation_popups	1	1
gadget-navigation_popups	1	30
gadget-navigation-popups	6	50829
gadget--Navigation_popups	1	21
gadget-Navigation_popups	84	514159
gadget-NavigationPopups	2	195
gadget-NavigationpopupsRL	1	732
gadget-nav-js	2	13108
gadget-nav-log	2	13154
gadget-nav-newpages	2	13394
gadget-navpop	5	9105
gadget-Navpop	1	3
gadget-Navpopup	1	198
gadget-NavPopups	4	4658
gadget-nav-prob	2	13228
gadget-nav-rfa	2	13215
gadget-nav-sandbox	3	13881
gadget-nav-struadmin	2	13143
gadget-nav-stub	2	13114
gadget-nav-vand	2	13288
gadget-Nederlands-lang	3	8582
gadget-Need	1	26
gadget-newArticlePreload	1	18
gadget-newCollapsible	2	311
gadget-New-collapsible-box	1	17
gadget-NewDiff	3	1060
gadget-newHelp	1	18
gadget-newLST	1	18
gadget-NewPagePatrol	1	290
gadget-newpagesbox	1	716
gadget--newpagesbox	1	1
gadget-newParticipantWikiProjects	1	11
gadget-newsectionbottom	2	29
gadget-NewsExtraEditButtons	1	5
gadget-NewVillagePump	1	26
gadget-niceInfoboxes	3	149
gadget-NiceRecent	1	459
gadget-niceTaxoboxes	2	117
gadget-nie_jestem_nowicjuszem	2	6355
gadget-Nikud	1	95
gadget-NMS	2	13361
gadget-NoAnimations	4	1123
gadget--NoAnimations	1	1
gadget-nochange-editlink	2	31
gadget-nocoords	1	2112
gadget-NopInserter	1	37
gadget-Nordiske-lang	4	8671
gadget-noRefToolbar	1	4
gadget-normalizza-AutoreCitato	1	23
gadget-noSep	1	68
gadget-no-sitenotice	1	633
gadget-NoSmallFonts	3	1711
gadget--NoSmallFonts	1	3
gadget-noteTA	1	26
gadget-noteTAvector	1	30
gadget-Notification	1	105
gadget-notifications	1	16
gadget-Notiziario	1	169
gadget-Nova-esplanada	1	15
gadget-novestranice	1	717
gadget-npp	2	382
gadget-ntsxaa	1	2
gadget-Nulisa	1	9
gadget-Numeral_converter	2	14
gadget-nuxTBKeys	1	37
gadget-nxAjaxWatch	1	10
gadget-nyt_afsnit	1	41
gadget-OBoD	1	3
gadget-ocr	9	903
gadget--ocr	1	1
gadget-OCR	1	51
gadget-OCR-Buttons	1	321
gadget-OcultaBoxE106	1	66
gadget-OcultarReferencias	1	483
gadget-ocultarrefs	1	271
gadget-ocultar-refs	1	11443
gadget-Odia-ilit	1	1
gadget-odlinkaj	1	922
gadget-Odottavat	1	11
gadget-oldalsavKapcsolo	1	57
gadget-OldDevnagritool	2	61
gadget-OldDiff	18	2160
gadget--OldDiff	1	2
gadget-old-diff-style	1	198
gadget-oldeditlinks	2	8508
gadget-OldEdittools	1	2
gadget-oldid	1	126
gadget-OldLogo	1	2
gadget-oldLST	1	21
gadget-old_LST	3	61
gadget-old-movepage	2	295
gadget-oldreviewedpages	2	455
gadget-OldSearchBox	1	244
gadget-OngletCopyScape	1	9
gadget-OngletEditCount	1	203
gadget-OngletEditZeroth	1	214
gadget-OngletGoogle	5	22940
gadget-OngletJournal	3	19967
gadget-OngletPurge	12	59233
gadget-Onlyifsystem	1	9
gadget-onScreenEdit	3	69
gadget-OpenStreetMap	7	59823
gadget-OpenStreetMapFrame	1	40
gadget-OpenStreetMapFrameUit	1	10
gadget-OptimizedShort	2	22010
gadget-OptimizedSuivi	4	15375
gadget-ora	4	6823
gadget-organize-language-links	2	239
gadget-Orologio	2	13486
gadget-OrphanCheck	3	204
gadget-oslobilder-search	1	26
gadget-Osm	2	5
gadget-OSM	1	1
gadget-OSMmapa	1	42
gadget-OtherWikis	1	13
gadget-Ozet	1	123
gadget-page-authors	1	5
gadget-page-authors-simple	2	627
gadget-PageContributions	1	331
gadget-page-contributors	2	50
gadget-PageEditFont	1	10
gadget-page-numbers	1	1
gadget-PagenumbersInline	1	11
gadget-PagesForDeletion	1	33
gadget-pageviews	1	2
gadget-Pageviewstats	1	67
gadget-PageWatcher	1	378
gadget-PaginaPrincipale-Arancione	1	4
gadget-PaginaPrincipale-GrigioChiaro	1	5
gadget-PaginaPrincipale-GrigioScuro	1	5
gadget-PaginaPrincipale-Indaco	1	3
gadget-PaginaPrincipale-Sabbia	1	8
gadget-ParagraphMarkers	1	66
gadget-parent-styling	1	2635
gadget-pathway	1	3
gadget-patrolAlarm	1	29
gadget-PatrolButtons	2	969
gadget-patroller	2	442
gadget-patrolling	2	79
gadget-patrollinks	5	16459
gadget-PB	1	2088
gadget-PendingChangesDiff	1	6
gadget-Perbook	2	3871
gadget-PermaPageLink	2	258
gadget-PermissionOTRS	2	40
gadget-perpagecustomization	1	4
gadget-Persoenliche-Bekanntschaf	2	21341
gadget-personallinks	1	233
gadget-Personalper	2	3822
gadget-PersonalScript	1	11
gadget-personendaten	1	1
gadget-Personendaten	3	48989
gadget-PerubahanLangsung	1	19
gadget-Pesquisa-por-dominio	1	4462
gadget-pestanas-duplicadas-abajo	1	2575
gadget-Pfeil-hoch	5	47619
gadget-Piel-huh	1	15
gadget-PoboljsanoVracanje	1	935
gadget-PoboljsanRazgovor	1	976
gadget-poistavarit	1	6
gadget-polytonic	1	2
gadget-Pomoc-pri-dyschromatopsii	1	81
gadget-PopCategoryDisplay	1	11
gadget-popolnipomocnik	1	214
gadget-popolnipomocnik2	1	12
gadget-popup	5	1830
gadget--popup	1	1
gadget-Popup	3	13639
gadget-popupdab	1	12
gadget-popups	23	16746
gadget--popups	2	3
gadget-Popups	17	45663
gadget-popups2	2	42
gadget-Popups_admin	1	3
gadget-popups-beta	1	9
gadget-Popups_simple	1	3
gadget-Popups_string_hans	6	48656
gadget-Popups_string_hant	6	48291
gadget-popupUserLanguage	5	43448
gadget-PortalLinksIcon	1	145
gadget-PossiblesErrors	1	4
gadget-ppp	1	6
gadget-Pratik_menu	3	922
gadget-prefixindex	2	321
gadget-PrettyLog	4	2861
gadget--PrettyLog	1	2
gadget-preview	10	60911
gadget--preview	1	1
gadget-Preview	1	3
gadget-PreviewFootnotes	1	537
gadget-PreviewWithVariant	1	624
gadget-pr_headers	7	227
gadget-PR-Headers	1	23
gadget-pr_horiz	1	28
gadget-PrintOptions	1	232
gadget-private-development	1	1
gadget-pr_layout	3	91
gadget-PR-Layout	1	73
gadget-pr_lightweight	1	4
gadget-ProBtn	1	26
gadget-PR-ocr	1	26
gadget-ProgressLevel	1	12
gadget-progress-review	5	99
gadget-Proofread_Bearbeitungssta	1	1
gadget-proofread-history	1	26
gadget-ProofreadPageUp	1	107
gadget-PropraProvejo	1	9
gadget-Prosesize	1	57
gadget-prota	2	584
gadget-protect	3	8829
gadget-ProtectCreation	2	21630
gadget-ProtectionTemplates	1	3
gadget-Protection_tools	1	382
gadget-prova	1	78
gadget-proveit	1	94
gadget-proveIt	1	17
gadget-ProveIt	18	8257
gadget--ProveIt	1	12
gadget-prpoziomo	1	6
gadget-PR-robot	1	14
gadget-pr_test_layout	2	48
gadget-pseudodelete	1	31
gadget-Pull_down_menu	2	182
gadget-pulsante-rule	1	15
gadget-pulsanti-AC	1	72
gadget-pulsanti-ancora	1	72
gadget-pulsanti-base	1	40
gadget-PulsantiBase	2	17
gadget-pulsanti-centrato	1	83
gadget-pulsanti-cite	1	77
gadget-pulsanti-paginabianca	1	39
gadget-pulsantipersonali	3	13675
gadget-pulsanti-Sc	1	39
gadget-pulsanti-section	1	39
gadget-pulsanti-TC	1	72
gadget-pulsanti-versetto	1	11
gadget-pulsanti-votazione	1	25
gadget-puntanoqui	1	6
gadget-Purga	2	10
gadget-purge	6	6119
gadget--purge	3	4
gadget-Purge	6	17891
gadget-purgeCache	1	175
gadget-purgelink	1	122
gadget-Purge_page	1	23
gadget-purge_sidens_cahce	1	55
gadget-purgetab	53	135259
gadget--purgetab	1	9
gadget-purge-tab	1	158
gadget-Purgetab	1	3584
gadget-Purge-tab	4	1073
gadget-PurgeTab	2	17
gadget-purgetab.js	1	1
gadget-purgetabTEST	1	1
gadget-purodha-name-conflict	3	5022
gadget-Qpreview	1	3880
gadget-QPreview	14	29161
gadget-QpreviewAtBottom	1	3241
gadget-QualityButton	1	47
gadget-QualityRibbon	1	27
gadget-QuickDelete	6	14526
gadget-Quick_diff	1	35
gadget-quickedit	2	764
gadget-Quickedit	1	17
gadget-QuickEdit	9	29121
gadget-quickeditcounter	11	16236
gadget-QuickHistory	1	18
gadget-quick-insert	1	5503
gadget-quicklinks	1	1414
gadget-Quicklinks	1	1
gadget-Quick_patrol	1	116
gadget-quickpreview	1	171
gadget-QuickRCDiff	2	33
gadget-QuickTest	1	806
gadget-quickUnwatch	2	5200
gadget-quizPostScore	2	1481
gadget--random_book	1	1
gadget-rangecontribs	1	1795
gadget-RCDesign	1	14
gadget-rclast	2	2037
gadget-rcPatrol	4	873
gadget-readyAlert	3	1481
gadget-Recent2	1	185
gadget-recentchangesbox	6	1079
gadget-recent-changes-patrol	1	3768
gadget-Rechtschreibpruefung	3	54861
gadget-recuperaPagina	1	185
gadget-redigeraflik	1	231
gadget-rediger_sektion0	1	3399
gadget-Redirecionamentos	1	927
gadget-redirect	5	6489
gadget-Redirects	1	246
gadget-redirectsenverde	1	29947
gadget-Ref	1	39
gadget-refbuttons	1	25901
gadget-refcolums	1	11
gadget-referencederoulante	3	14637
gadget-Referencederoulante	1	508
gadget-References-2-col	2	1662
gadget-References-3-col	2	1612
gadget-ReferencesWarn	1	113
gadget-referenceTooltips	2	41
gadget-ReferenceTooltips	34	2412
gadget--ReferenceTooltips	3	518
gadget-refHelper	1	103
gadget-Refmaxbox	1	10
gadget-refmin	1	8
gadget-Refreshtab	1	92
gadget-Refresh-tab	1	3
gadget-refStyle	3	1795
gadget-refToolbar	39	259105
gadget-RefToolbar	1	78
gadget-RefToolbarNoDialogs	1	31
gadget-refToolbarPL	1	3
gadget-reftools	2	5327
gadget-ref-tools	1	1976
gadget-regardsActus	1	11
gadget-Regex	1	40
gadget-RegexMenuFramework	18	24098
gadget--RegexMenuFramework	1	5
gadget-RegexpButton	1	5
gadget-registro	1	16479
gadget-Rekta-ligilo-al-Komunejo	1	6
gadget-related	1	1825
gadget-relatedpages	1	19
gadget-relatert	1	5
gadget-removeAccessKeys	42	451978
gadget--removeAccessKeys	1	7
gadget-removefromcategory	2	1870
gadget-RemoveImageTools	1	3797
gadget-RenameWizard	1	8
gadget--RenameWizard	1	4
gadget-Renkli_arkaplan	1	52
gadget-RenkliYonlendirme	1	99
gadget-RenommageCategorie	8	65
gadget--RenommageCategorie	1	1
gadget-replylinks	5	15620
gadget-RequestDeletion	1	3
gadget-ResizeGalleries	2	982
gadget-RestaurationDeluxe	4	21780
gadget-restore	6	48357
gadget-restore-rollback	1	1319
gadget-resumbutonoj	1	477
gadget-ResumeDeluxe	4	23613
gadget-Resumen_largo	1	7070
gadget-retriever-access	1	12
gadget-retrocommentpage	3	39
gadget-rev-e-avisos	2	524
gadget-reversion	2	239
gadget-Revert	1	110
gadget-RevertDiff	7	22689
gadget-revert-protected-tab	1	2148
gadget-revert-tool	2	511
gadget-RevertTool	1	184
gadget-Revinfo	1	73
gadget-revisionCounter	1	1665
gadget-revisiondelete	3	172
gadget-revisionjumper	13	17753
gadget--revisionjumper	1	8
gadget-RevisorOrtografico	1	105
gadget-RicercheAvanzate	2	4
gadget-Ricetta	1	4
gadget-richreftooltip	1	2
gadget-righteditlinks	2	212
gadget--righteditlinks	1	4
gadget-rightsfilter	14	50121
gadget-riparaPagina	1	2
gadget-RivelatoreDisambigua	1	112
gadget-RLdebugMode	1	19
gadget-robot	7	246
gadget-rollback	2	6695
gadget-rollbackBot	1	5
gadget-RollbackComment	1	65
gadget-RollbackNascosti	2	5066
gadget-RollbackSconti	1	1
gadget-rollback-summary	3	1375
gadget-rollBackSummary	1	125
gadget-RollbackSummary	1	1
gadget-Rot-Gruen-Sehschwaeche	2	46624
gadget-roundCorners	7	49963
gadget-Round_Corners	2	3542
gadget-rtl	1	191
gadget-RTRC	7	1392
gadget--RTRC	2	5
gadget-sablonbesav	3	222
gadget-sablonElrejt	1	62
gadget-sablonmester	1	7371
gadget-Sabyar	2	421
gadget-SafeRollback	3	122
gadget-saki	1	297
gadget-sami-geonames	1	23
gadget-Samii-lang	2	568
gadget-sami-termbase	1	20
gadget-Sandkasse	1	14
gadget-Sandlada	1	18
gadget-Sa_rules	1	6
gadget-saveandedit	2	789
gadget-save-preview-buttons	1	10
gadget-schowaj-wolanie-o-pieniad	1	885
gadget-ScoreFoot	2	6
gadget-ScoreRugby	2	7
gadget-Screenreader-Optimierung	2	46329
gadget-ScriptAutoVersion	1	4
gadget-ScriptImages	1	6109
gadget-Scriptname	1	12
gadget-ScriptSidebox	1	200
gadget-ScriptToolbar	1	203
gadget-ScrolledReflist	1	1624
gadget-ScrollReferences	1	14
gadget-Search	1	4024
gadget-searchbox	12	17046
gadget-Searchbox	2	31
gadget-SearchBox	3	789
gadget-searchenginelinks	2	8652
gadget-searchFocus	26	279923
gadget--searchFocus	1	9
gadget-Search_keyboard	2	221
gadget--search-new-tab	1	5
gadget-search-new-tab	1	816
gadget-search-on-select	1	1
gadget-section0	2	13322
gadget-Section-Links	1	22
gadget-secureAllLinks	3	73
gadget-Secure-fix	1	1
gadget--SecureServer	1	1
gadget-SegregaRefs	1	49
gadget-segregate-refs	2	306
gadget-SemanticTemplates	1	76
gadget-SemanticTemplatesNew	1	20
gadget-SemanticTemplates_NewEdit	1	2
gadget-SemanticTemplates-NewTool	1	2
gadget-SemanticTemplatesNewToolb	1	1
gadget-sesam-news-search	1	2476
gadget-set-disable_real_title	1	6151
gadget-SetInterlangTooltip	2	4286
gadget-set-link_FA_done	1	6218
gadget-set-old_edit_section_link	1	6185
gadget-set-old_edit_section_links	1	1
gadget-SetPreviewDefault	1	51
gadget-setupTitle	1	583
gadget-setuserrights	1	2041
gadget-share-article	2	50
gadget-sharebox	2	331
gadget-Sharebox	1	554
gadget-shareTool	1	573
gadget-shortcuts	1	27
gadget-ShortDiff	3	186
gadget-ShortInterwiki	1	47
gadget-ShortLink	19	17182
gadget-ShortNSSearch	5	3454
gadget-short-pages	3	5115
gadget-showAccessKeys	2	30
gadget-showAnchors	1	19
gadget-show-bot-activity	2	3152
gadget-show-graph-history	1	3
gadget-showhidden	1	34
gadget-show-ip-blocks	1	2699
gadget-ShowMessageNames	7	2222
gadget--ShowMessageNames	1	2
gadget-ShowNavbarInNavbox	1	100
gadget-ShowPageInfo	1	1
gadget-show-patrol-activity	1	2879
gadget-show-patrol-log	1	116
gadget-show-possible-voters	1	2746
gadget-show-sysop-activity	3	3070
gadget-show-usergroup	2	178
gadget-show-usergroup-with-exter	1	146
gadget-show-usergroup-with-external	1	12
gadget-showWikiCode	1	2
gadget-sidebar-ca-modern	1	23
gadget-sidebarToggle	1	155
gadget-sidebartranslate	3	421
gadget--sidebartranslate	1	2
gadget-sign	2	825
gadget-signaturer	2	85
gadget-signed	1	17
gadget-signit	4	261
gadget-Silme	3	8215
gadget-similar-titles	3	5133
gadget-SimpifyRefNotesTag	1	27
gadget-Simplificar_categorias	1	2
gadget-SimplifyRefNotesTag	1	165
gadget-Since	2	13314
gadget-site-lib	1	1
gadget-SitelinkCheck	1	2
gadget-sixtabs	3	4807
gadget--sixtabs	1	1
gadget-sk	4	113
gadget-slideshow	1	15
gadget-Slideshow	2	3
gadget-slurpInterwiki	1	2
gadget-small-bibliography	1	161
gadget-small-external-links	1	128
gadget-SmallNotify	2	50
gadget-small-references	1	37
gadget-Sneltoetsen	1	36
gadget-SocialBookmarks	1	1
gadget-socialMedia	1	14
gadget-SocialMedia	2	11
gadget-soegeFocus	1	77
gadget-Sorok18sx	1	15
gadget-SorokNotisKutipDerma	1	462
gadget-sortlistinhtml	2	3255
gadget-SourceLanguage	1	8
gadget-SousPages	7	13809
gadget-SpaceToolbar	1	16
gadget-Special_characters	1	22
gadget-specialchars	13	47064
gadget-special-commons	1	65
gadget-special-meta	1	30
gadget-special-outreach	1	21
gadget-specialPagesInterwiki	1	116
gadget-SpecialSearch	1	3331
gadget-special-strategy	1	22
gadget-Special:WhatLinksHere_action_links	2	55
gadget-special-wikibooks	1	34
gadget-special-wikinews	1	27
gadget-special-wikiquote	1	27
gadget-special-wikisource	1	30
gadget-special-wiktionary	1	32
gadget-spellingstyle	1	1
gadget-spiriti	1	4
gadget-Spostamento	1	160
gadget-stable-edit-counter	1	450
gadget-starlinks	1	14
gadget-Stat	1	124
gadget-statistics	1	994
gadget-Statistics	4	304
gadget--Statistics	1	1
gadget-StatLink	2	65
gadget-stats	5	1744
gadget-sticky-summary	1	1
gadget-stockText	1	3
gadget-stru-AnalisiLink	1	1174
gadget-stru-cercaredirectdisambigua	1	126
gadget-stru-contavisite	4	12882
gadget-stru-editcounter	1	1
gadget-stru-filtroredirs	2	12336
gadget-StrumentiExtra	1	155
gadget-strumentivari	2	12598
gadget-stru-vfol	1	1
gadget-stru-vpop	1	1
gadget-stru-whois	2	13249
gadget-subcatContentSummary	2	15
gadget-subject-pages	1	155
gadget-subpage	1	57
gadget-subpages	4	38
gadget-Subpages	5	4455
gadget-SubPages	4	3384
gadget--SubPages	1	1
gadget-SubsetMenu	1	160
gadget-Substubb	1	439
gadget-Suchfokus-Hauptseite	2	38096
gadget-SuiviSimple	1	200
gadget-sumariomaior	1	484
gadget-Summarieslist	4	103
gadget-summary	2	443
gadget--summary	1	1
gadget-SummaryEnterPreview	3	918
gadget-SummaryEnterSave	3	658
gadget-Summary_pull_down	2	178
gadget-Suomi-lang	2	566
gadget-SuppressionDeluxe	2	21827
gadget-SupprimerInfoBulles	2	21789
gadget-SVGPNG	1	24
gadget-sysopdectector	4	260
gadget--sysopdectector	1	1
gadget-SysopSuggestions	2	4
gadget-Sztakipedia	1	24
gadget-Tableau	1	215
gadget-tableBtn	1	65
gadget-Table-RecentChanges	2	31
gadget-tables1	1	13
gadget-tables10	1	8
gadget-tables20	1	6
gadget-tables5	1	7
gadget-TableUnicode	1	212
gadget-Tabsara	1	3
gadget-tagadder	2	89
gadget-tag-buttons	1	8
gadget-tagcolors	1	747
gadget-Tagger	1	28
gadget-talaambagan	1	189
gadget-Talikat	1	581
gadget-talkblinker	3	46
gadget-TalkColoring	1	3645
gadget-talkHighlighting	3	1520
gadget-talkStyle	3	228
gadget-tarkista_muutos-arvioidut	1	10
gadget-tarkista_muutos-biologia	1	6
gadget-tarkista_muutos-muut	1	10
gadget-tarkista_muutos-urheilu	1	4
gadget-tarkista_muutos-viihde	1	8
gadget-Taslak	1	297
gadget-tavi-edit	1	18
gadget-TAXman-tool	1	2289
gadget-tb-aggiornare	1	13707
gadget-tb-aiutare	2	14243
gadget-Tb-aiutare	1	1
gadget-tb-aiutow	2	13499
gadget-tb-avanzamenti	1	1
gadget-tb-avvisiprotezione	2	13522
gadget-tb-avvisocopyviol	2	13595
gadget-tb-avvisofirma	2	13599
gadget-tb-avvisoimmagine	2	13522
gadget-tb-barr	2	14696
gadget-Tb-barr	1	1
gadget-tb-base	3	13873
gadget-tb-benvenuto	2	13586
gadget-tb-blocco	2	13537
gadget-tb-cancelcopy	2	13717
gadget-tb-cancellautente	2	13580
gadget-tb-cancellazione	2	13859
gadget-tb-cancimm	2	13923
gadget-tb-case	2	14698
gadget-Tb-case	1	1
gadget-tb-categoria	2	13702
gadget-tb-categorizzare	2	13935
gadget-tb-citazionenecessaria	2	13974
gadget-tb-controlcopy	2	13719
gadget-tb-controllare	2	14261
gadget-Tb-controllare	1	1
gadget-tb-copyviol	2	13793
gadget-tb-correggere	1	13759
gadget-tb-datepersonali	1	13408
gadget-tb-disambigua	1	13525
gadget-tb-dmoz	1	13302
gadget-tb-ency	1	14009
gadget-tb-fatto	2	14036
gadget-tb-formatHistory	1	8606
gadget-tb-galleria	2	13594
gadget-tb-grazie	2	13856
gadget-tb-incorso	1	13741
gadget-tb-interprogetto	2	13492
gadget-tb-invertire	1	13526
gadget-tb-monitoraggio	1	13334
gadget-tb-newline	2	14828
gadget-Tb-newline	1	1
gadget-tb-noinclude	2	14205
gadget-Tb-noinclude	1	1
gadget-tb-nonenciclopedico	1	80
gadget-tb-nonfatto	2	13874
gadget-tb-notadisambigua	1	13495
gadget-tb-orfana	2	13921
gadget-Tb-orfana	1	1
gadget-tb-portale	1	13530
gadget-tb-pov	2	13937
gadget-Tb-pov	1	1
gadget-tb-problematico	2	13636
gadget-tb-promozionale	2	13558
gadget-tb-rc	2	13496
gadget-tb-redirect	1	28
gadget-tb-references	2	13905
gadget-tb-scorporounione	1	13307
gadget-tb-scrollbox	2	13462
gadget-tb-segnalacviol	2	13738
gadget-tb-senzafonti	2	14297
gadget-Tb-senzafonti	1	1
gadget-tb-senzasenso	2	13734
gadget-tb-small	2	14983
gadget-Tb-small	1	1
gadget-tb-sott	2	15059
gadget-Tb-sott	1	1
gadget-tb-spam	2	13640
gadget-tb-stub	1	13990
gadget-Tb-stub	1	1
gadget-tb-test	2	13624
gadget-tb-tmp	1	13469
gadget-tb-tradurre	2	14053
gadget-Tb-tradurre	1	1
gadget-tb-trasferimento	1	13367
gadget-tb-unire	2	13855
gadget-tb-unverified	2	13586
gadget-tb-vandalismo	2	13771
gadget-tb-vandalo	2	13729
gadget-tb-vedianche	1	13607
gadget-tb-voto	2	14156
gadget-tb-wikificare	2	14072
gadget-tb-wip	2	13851
gadget-tb-yc	2	13557
gadget-teahouse	5	1907
gadget--teahouse	1	509
gadget-template	2	7548
gadget-Template-lang	1	13
gadget-TemplateParamWizard	4	51
gadget-TemplatePreloader	7	1824
gadget-TemplateScript	1	205
gadget-TemplatesExternalLinks	1	9
gadget-tendine	1	40
gadget-Test	1	16
gadget-test-user-language	1	2383
gadget-TexareaFontSelect	1	14
gadget-textareasansserif	18	104919
gadget-ThumbnailPurger	2	40
gadget-TimeSmall	1	1340
gadget-tineye	3	310
gadget-Tineye	1	20
gadget-Tipke	1	729
gadget-TitleGooglesearch	1	21
gadget-TitleRewrite	1	32
gadget-titluri_sectiune_mici	2	4996
gadget-titoloankroj	1	15
gadget-TitreDeluxe	1	215
gadget-TitreHierarchique	1	4
gadget-TitulosSimples	1	30
gadget-toggle-other	1	23
gadget-TogglePanel	1	34
gadget-togglePersondata	1	12
gadget-toggleRCOptions	2	1741
gadget-toolbaralert2	1	10
gadget-ToolbarAtBottom	1	3116
gadget-ToolbarExtension-Semantic	1	359
gadget-ToolbarParensButtons	1	1
gadget-toolboxcompat	1	19
gadget--toolboxcompat	1	7
gadget-Tools	1	22
gadget-toolserver-integration	4	52796
gadget-ToolsRedirect	1	384
gadget-tooltipRef	2	757
gadget-tooltips	1	2624
gadget-topalert	2	259
gadget--topalert	1	2
gadget-topalert2	1	2
gadget-Topicon	1	24
gadget-topscroll	1	1
gadget-Tourguidati	1	3
gadget-Traditional-simplified_co	1	68
gadget-traducaointerwiki	1	21107
gadget-traductor-google	2	33248
gadget-TransferToCommons	1	248
gadget-transform-discussion-look	1	2769
gadget-TranslationHelper	2	380
gadget-Transli	3	626
gadget-Translit_tool	1	174
gadget-Transtool	1	2
gadget-Treure_link_ajuda_a_carre	1	1400
gadget-Treure_link_ajuda_a_carregar	1	11
gadget-TriInterWiki	3	18281
gadget-TrollOptions	1	48
gadget-twinkle	3	222
gadget-Twinkle	36	297273
gadget--Twinkle	1	21
gadget-twinkledelimages	1	3760
gadget-Twinklerevert	1	3917
gadget-Twinkle-slettnom	1	98
gadget-twinklespeedy	1	2782
gadget-Twinkle-test	1	9
gadget-TwinkleTEST	1	57
gadget-Twinkleunlink	1	3700
gadget-twinklewarn	1	137
gadget-TwoColumn	1	39
gadget-Typo	1	149
gadget-UAAA	1	4211
gadget-udvidet_hotcat	1	110
gadget-Uitleg_verwijderlijst	1	84
gadget-ultimas-paginas-nuevas	1	7684
gadget-ultimos-cambios-recientes	1	7532
gadget-UMTR	2	9
gadget-underlinePedia	2	42
gadget-UnicodeEditRendering	1	8
gadget-Unwatch	2	13464
gadget-updatemarker	1	9422
gadget-updateMarker	1	58
gadget-Upload	1	1
gadget-upload-description	1	35
gadget-UploadForm	1	40
gadget-upload-wizard-commons	1	16
gadget-Urdu_Keymapper	1	368
gadget-uredivrh	1	723
gadget-UrejanjeGlavneStrani	1	710
gadget-urldecoder	6	15990
gadget--urldecoder	1	1
gadget-useCustomMenu	2	144
gadget-UseLang	1	1
gadget-UseLangDe	2	199
gadget-UseLangEn	3	322
gadget-UseLangEs	2	197
gadget-UseLangFr	2	197
gadget-UseLangHe	2	195
gadget-UseLangPl	2	197
gadget-UseLangPs	1	115
gadget-UseLangRo	2	194
gadget-UseLangRu	2	197
gadget-UseLangYi	2	198
gadget-UserEditCount	3	13824
gadget-userhighlight	1	39
gadget-userinfo	4	1174
gadget-userMessages	8	281
gadget-UserMessages	7	894
gadget-UsernameReplace	2	14590
gadget-userrights	5	35132
gadget-UserRights	2	14
gadget-userrights2	2	8
gadget-userScriptSandbox	2	53
gadget-usurper-count	1	3
gadget-UTC2MST	1	631
gadget-UTCLiveClock	116	538788
gadget--UTCLiveClock	4	23
gadget-valdovas	1	31
gadget-ValidarBloqueio	1	8
gadget-Vandal_Fighter_on_Line	1	34
gadget-VarmaKato	1	1
gadget-vdr	1	56
gadget-vector4monobookies	1	108
gadget-VectorSearchNav	2	499
gadget-vectorskin-thunks	6	720
gadget-vedlikeholdsrapport	1	212
gadget-Velkomstskabeloner	1	3405
gadget-ver	2	12775
gadget-Verbergding	2	2477
gadget-VeriAJAX	2	5053
gadget-verifEbauche	1	177
gadget-verifHomon	1	243
gadget-VerificaVeloce	1	1
gadget-Versjonshenting	1	11
gadget-Verstecke_vCard-Koordinate	1	1
gadget-ver-subpaginas	1	927
gadget-verwijderreden	1	98
gadget-VFonLine	2	13353
gadget-viewHistoryPrefix	1	5
gadget-ViewSourceMode	1	44
gadget-ViikonKilpailu	1	17
gadget-Viiteavustaja_2	1	13
gadget-Viite-overflow	1	13
gadget-Viite-palstat	1	17
gadget-VikidatumaLigilo	1	18
gadget-vikisumeile	1	18
gadget-vitakiemel	3	4712
gadget-VoAScripts	1	5
gadget-Vorlagenmaster	2	119
gadget-Vorlagenmeister	3	51665
gadget-vote	2	322
gadget-VPopSpeed	2	13201
gadget-vultus-j-ad-i	1	637
gadget-vultus-ligaturas-celare	1	619
gadget-vultus-ligaturas-monstrar	1	657
gadget-vultus-lowercase	1	605
gadget-vultus-smallcaps	1	617
gadget-vultus-u-ad-v	1	620
gadget-vultus-uppercase	1	607
gadget-vultus-v-ad-u	1	610
gadget-warnclosing	1	5375
gadget-warning	2	4969
gadget-Warnings	2	2953
gadget-Warnoff	1	28
gadget-watchlist	7	57624
gadget-Watchlist	1	76
gadget-WatchlistChangesBold	1	2448
gadget--WatchlistChangesBold	1	10
gadget-watchlistMark	1	104
gadget-WatchlistNoMarkers	1	85
gadget-WatchlistNotices	1	5
gadget-watchlistnotifier	3	924
gadget-watchlistSince	1	64
gadget-waybackmachine-archive-se	1	880
gadget-waybackmachine-archive-search	1	14
gadget-webfont	2	266
gadget-Welcome	1	3919
gadget-welcomer	2	25
gadget-wersje_przejrzane_bez_kol	1	5397
gadget-wfIsbnLite	1	1084
gadget-wfTypos	1	2216
gadget-WhatIsThat	2	41
gadget-WhatLeavesHere	2	75
gadget-whighlighter	1	39
gadget-whitebackground	1	10
gadget-widensearch	9	4427
gadget--widensearch	1	3
gadget-wiked	6	8286
gadget--wiked	1	1
gadget-wikEd	103	519742
gadget--wikEd	3	17
gadget-wikED	1	6
gadget-Wiked	1	193
gadget-WikEd	13	44799
gadget-wikEdDiff	6	7410
gadget--wikEdDiff	1	6
gadget-wikEd_intl_hans	6	49002
gadget-wikEd_intl_hant	6	48628
gadget-WikiBhasha	2	78
gadget-wikibugs	2	100
gadget-Wikidata	2	369
gadget-Wikidata1	1	3
gadget--Wikidata1	1	1
gadget-WikidataBtn	1	47
gadget-wikidata-info	1	59
gadget-WikidataInfo	10	402
gadget-WikidataLink	1	46
gadget-WikidataTab	1	64
gadget-wikidebug	1	86
gadget-wikied	1	153
gadget-wikiEd	2	14
gadget-WikiEd	5	1712
gadget-wikiEditor	1	61
gadget-wikifikatar	1	12
gadget-wikify	2	2648
gadget-wikilimpia	2	457
gadget-Wikilinker	7	3336
gadget--Wikilinker	1	3
gadget-Wikilinker2	1	20
gadget-wikilove	1	87
gadget-wikimediaplayer	5	44711
gadget-wikiMenu	3	16
gadget-wikiMenuDependencies	3	14
gadget-Wikiminiatlas	1	3
gadget-WikiMiniAtlas	10	46719
gadget-wikiminiatlas-remove	1	22
gadget-WikiPraise	1	17
gadget-WikiTrans	1	15
gadget-Wiktionarylookup	1	57
gadget-wiktLookup	2	132
gadget-WiktSidebarTranslation	3	39
gadget-wkBookCreator	1	3933
gadget--wkBookCreator	1	1
gadget-Wkificator_tool	2	189
gadget-wkPrintVersion	1	2463
gadget-WMCZ-Ceny	1	75
gadget-WMCZ-Ceny02	1	50
gadget-WMCZ-SK2010	1	20
gadget-wmfFR2011Style	1	134
gadget-wp_sk	3	16224
gadget-WSexport	2	64
gadget--WSexport	1	1
gadget-Wstaw_szablon_zrodlo	1	186
gadget-WYSIFTW	3	23
gadget-WYSIWTF	1	23
gadget-XHTML-tab	4	1069
gadget-yekewarning	2	227
gadget-YellowBackgroundRedirects	1	2
gadget-Yellowskin	2	3699
gadget-YMK	1	378
gadget-yqlgeo	1	24
gadget-YWL	1	8
gadget-Zeitzonenkonverter	1	1073
gadget-Zeroth_section_edit	2	234
gadget-Zeusmodus	1	10052
gadget-ZoomOnThumb	3	912
gadget-Zugriffsstatistiken	1	23
